INSERT INTO content VALUES ('c_001', 'Crime Story 1', 'Sample description', 120, 2020, 'English', 'MOVIE');
INSERT INTO content_genres VALUES ('c_001', 'crime');
INSERT INTO content_genres VALUES ('c_001', 'drama');
INSERT INTO content VALUES ('c_002', 'Crime Story 2', 'Sample description', 120, 2020, 'English', 'MOVIE');
INSERT INTO content_genres VALUES ('c_002', 'crime');
INSERT INTO content_genres VALUES ('c_002', 'comedy');
INSERT INTO content VALUES ('c_003', 'Crime Story 3', 'Sample description', 120, 2020, 'English', 'MOVIE');
INSERT INTO content_genres VALUES ('c_003', 'crime');
INSERT INTO content_genres VALUES ('c_003', 'horror');
INSERT INTO content VALUES ('c_004', 'Crime Story 4', 'Sample description', 120, 2020, 'English', 'MOVIE');
INSERT INTO content_genres VALUES ('c_004', 'crime');
INSERT INTO content_genres VALUES ('c_004', 'action');
INSERT INTO content VALUES ('c_005', 'Crime Story 5', 'Sample description', 120, 2020, 'English', 'MOVIE');
INSERT INTO content_genres VALUES ('c_005', 'crime');
INSERT INTO content_genres VALUES ('c_005', 'animation');
INSERT INTO content VALUES ('c_006', 'Crime Story 6', 'Sample description', 120, 2020, 'English', 'MOVIE');
INSERT INTO content_genres VALUES ('c_006', 'crime');
INSERT INTO content_genres VALUES ('c_006', 'thriller');
INSERT INTO content VALUES ('c_007', 'Crime Story 7', 'Sample description', 120, 2020, 'English', 'MOVIE');
INSERT INTO content_genres VALUES ('c_007', 'crime');
INSERT INTO content_genres VALUES ('c_007', 'comedy');
INSERT INTO content VALUES ('c_008', 'Crime Story 8', 'Sample description', 120, 2020, 'English', 'MOVIE');
INSERT INTO content_genres VALUES ('c_008', 'crime');
INSERT INTO content_genres VALUES ('c_008', 'sci-fi');
INSERT INTO content VALUES ('c_009', 'Crime Story 9', 'Sample description', 120, 2020, 'English', 'MOVIE');
INSERT INTO content_genres VALUES ('c_009', 'crime');
INSERT INTO content_genres VALUES ('c_009', 'romance');
INSERT INTO content VALUES ('c_010', 'Crime Story 10', 'Sample description', 120, 2020, 'English', 'MOVIE');
INSERT INTO content_genres VALUES ('c_010', 'crime');
INSERT INTO content_genres VALUES ('c_010', 'documentary');
INSERT INTO content VALUES ('c_011', 'Comedy Story 1', 'Sample description', 120, 2020, 'English', 'MOVIE');
INSERT INTO content_genres VALUES ('c_011', 'comedy');
INSERT INTO content_genres VALUES ('c_011', 'animation');
INSERT INTO content VALUES ('c_012', 'Comedy Story 2', 'Sample description', 120, 2020, 'English', 'MOVIE');
INSERT INTO content_genres VALUES ('c_012', 'comedy');
INSERT INTO content_genres VALUES ('c_012', 'documentary');
INSERT INTO content VALUES ('c_013', 'Comedy Story 3', 'Sample description', 120, 2020, 'English', 'MOVIE');
INSERT INTO content_genres VALUES ('c_013', 'comedy');
INSERT INTO content_genres VALUES ('c_013', 'drama');
INSERT INTO content VALUES ('c_014', 'Comedy Story 4', 'Sample description', 120, 2020, 'English', 'MOVIE');
INSERT INTO content_genres VALUES ('c_014', 'comedy');
INSERT INTO content_genres VALUES ('c_014', 'drama');
INSERT INTO content VALUES ('c_015', 'Comedy Story 5', 'Sample description', 120, 2020, 'English', 'MOVIE');
INSERT INTO content_genres VALUES ('c_015', 'comedy');
INSERT INTO content_genres VALUES ('c_015', 'drama');
INSERT INTO content VALUES ('c_016', 'Comedy Story 6', 'Sample description', 120, 2020, 'English', 'MOVIE');
INSERT INTO content_genres VALUES ('c_016', 'comedy');
INSERT INTO content_genres VALUES ('c_016', 'action');
INSERT INTO content VALUES ('c_017', 'Comedy Story 7', 'Sample description', 120, 2020, 'English', 'MOVIE');
INSERT INTO content_genres VALUES ('c_017', 'comedy');
INSERT INTO content_genres VALUES ('c_017', 'action');
INSERT INTO content VALUES ('c_018', 'Comedy Story 8', 'Sample description', 120, 2020, 'English', 'MOVIE');
INSERT INTO content_genres VALUES ('c_018', 'comedy');
INSERT INTO content_genres VALUES ('c_018', 'thriller');
INSERT INTO content VALUES ('c_019', 'Comedy Story 9', 'Sample description', 120, 2020, 'English', 'MOVIE');
INSERT INTO content_genres VALUES ('c_019', 'comedy');
INSERT INTO content_genres VALUES ('c_019', 'thriller');
INSERT INTO content VALUES ('c_020', 'Comedy Story 10', 'Sample description', 120, 2020, 'English', 'MOVIE');
INSERT INTO content_genres VALUES ('c_020', 'comedy');
INSERT INTO content_genres VALUES ('c_020', 'drama');
INSERT INTO content VALUES ('c_021', 'Action Story 1', 'Sample description', 120, 2020, 'English', 'MOVIE');
INSERT INTO content_genres VALUES ('c_021', 'action');
INSERT INTO content_genres VALUES ('c_021', 'romance');
INSERT INTO content VALUES ('c_022', 'Action Story 2', 'Sample description', 120, 2020, 'English', 'MOVIE');
INSERT INTO content_genres VALUES ('c_022', 'action');
INSERT INTO content_genres VALUES ('c_022', 'thriller');
INSERT INTO content VALUES ('c_023', 'Action Story 3', 'Sample description', 120, 2020, 'English', 'MOVIE');
INSERT INTO content_genres VALUES ('c_023', 'action');
INSERT INTO content_genres VALUES ('c_023', 'thriller');
INSERT INTO content VALUES ('c_024', 'Action Story 4', 'Sample description', 120, 2020, 'English', 'MOVIE');
INSERT INTO content_genres VALUES ('c_024', 'action');
INSERT INTO content_genres VALUES ('c_024', 'thriller');
INSERT INTO content VALUES ('c_025', 'Action Story 5', 'Sample description', 120, 2020, 'English', 'MOVIE');
INSERT INTO content_genres VALUES ('c_025', 'action');
INSERT INTO content_genres VALUES ('c_025', 'documentary');
INSERT INTO content VALUES ('c_026', 'Action Story 6', 'Sample description', 120, 2020, 'English', 'MOVIE');
INSERT INTO content_genres VALUES ('c_026', 'action');
INSERT INTO content_genres VALUES ('c_026', 'drama');
INSERT INTO content VALUES ('c_027', 'Action Story 7', 'Sample description', 120, 2020, 'English', 'MOVIE');
INSERT INTO content_genres VALUES ('c_027', 'action');
INSERT INTO content_genres VALUES ('c_027', 'romance');
INSERT INTO content VALUES ('c_028', 'Action Story 8', 'Sample description', 120, 2020, 'English', 'MOVIE');
INSERT INTO content_genres VALUES ('c_028', 'action');
INSERT INTO content_genres VALUES ('c_028', 'documentary');
INSERT INTO content VALUES ('c_029', 'Action Story 9', 'Sample description', 120, 2020, 'English', 'MOVIE');
INSERT INTO content_genres VALUES ('c_029', 'action');
INSERT INTO content_genres VALUES ('c_029', 'drama');
INSERT INTO content VALUES ('c_030', 'Action Story 10', 'Sample description', 120, 2020, 'English', 'MOVIE');
INSERT INTO content_genres VALUES ('c_030', 'action');
INSERT INTO content_genres VALUES ('c_030', 'sci-fi');
INSERT INTO content VALUES ('c_031', 'Romance Story 1', 'Sample description', 120, 2020, 'English', 'MOVIE');
INSERT INTO content_genres VALUES ('c_031', 'romance');
INSERT INTO content_genres VALUES ('c_031', 'documentary');
INSERT INTO content VALUES ('c_032', 'Romance Story 2', 'Sample description', 120, 2020, 'English', 'MOVIE');
INSERT INTO content_genres VALUES ('c_032', 'romance');
INSERT INTO content_genres VALUES ('c_032', 'animation');
INSERT INTO content VALUES ('c_033', 'Romance Story 3', 'Sample description', 120, 2020, 'English', 'MOVIE');
INSERT INTO content_genres VALUES ('c_033', 'romance');
INSERT INTO content_genres VALUES ('c_033', 'thriller');
INSERT INTO content VALUES ('c_034', 'Romance Story 4', 'Sample description', 120, 2020, 'English', 'MOVIE');
INSERT INTO content_genres VALUES ('c_034', 'romance');
INSERT INTO content_genres VALUES ('c_034', 'action');
INSERT INTO content VALUES ('c_035', 'Romance Story 5', 'Sample description', 120, 2020, 'English', 'MOVIE');
INSERT INTO content_genres VALUES ('c_035', 'romance');
INSERT INTO content_genres VALUES ('c_035', 'documentary');
INSERT INTO content VALUES ('c_036', 'Romance Story 6', 'Sample description', 120, 2020, 'English', 'MOVIE');
INSERT INTO content_genres VALUES ('c_036', 'romance');
INSERT INTO content_genres VALUES ('c_036', 'crime');
INSERT INTO content VALUES ('c_037', 'Romance Story 7', 'Sample description', 120, 2020, 'English', 'MOVIE');
INSERT INTO content_genres VALUES ('c_037', 'romance');
INSERT INTO content_genres VALUES ('c_037', 'thriller');
INSERT INTO content VALUES ('c_038', 'Romance Story 8', 'Sample description', 120, 2020, 'English', 'MOVIE');
INSERT INTO content_genres VALUES ('c_038', 'romance');
INSERT INTO content_genres VALUES ('c_038', 'animation');
INSERT INTO content VALUES ('c_039', 'Romance Story 9', 'Sample description', 120, 2020, 'English', 'MOVIE');
INSERT INTO content_genres VALUES ('c_039', 'romance');
INSERT INTO content_genres VALUES ('c_039', 'horror');
INSERT INTO content VALUES ('c_040', 'Romance Story 10', 'Sample description', 120, 2020, 'English', 'MOVIE');
INSERT INTO content_genres VALUES ('c_040', 'romance');
INSERT INTO content_genres VALUES ('c_040', 'sci-fi');
INSERT INTO content VALUES ('c_041', 'Thriller Story 1', 'Sample description', 120, 2020, 'English', 'MOVIE');
INSERT INTO content_genres VALUES ('c_041', 'thriller');
INSERT INTO content_genres VALUES ('c_041', 'action');
INSERT INTO content VALUES ('c_042', 'Thriller Story 2', 'Sample description', 120, 2020, 'English', 'MOVIE');
INSERT INTO content_genres VALUES ('c_042', 'thriller');
INSERT INTO content_genres VALUES ('c_042', 'crime');
INSERT INTO content VALUES ('c_043', 'Thriller Story 3', 'Sample description', 120, 2020, 'English', 'MOVIE');
INSERT INTO content_genres VALUES ('c_043', 'thriller');
INSERT INTO content_genres VALUES ('c_043', 'drama');
INSERT INTO content VALUES ('c_044', 'Thriller Story 4', 'Sample description', 120, 2020, 'English', 'MOVIE');
INSERT INTO content_genres VALUES ('c_044', 'thriller');
INSERT INTO content_genres VALUES ('c_044', 'crime');
INSERT INTO content VALUES ('c_045', 'Thriller Story 5', 'Sample description', 120, 2020, 'English', 'MOVIE');
INSERT INTO content_genres VALUES ('c_045', 'thriller');
INSERT INTO content_genres VALUES ('c_045', 'crime');
INSERT INTO content VALUES ('c_046', 'Thriller Story 6', 'Sample description', 120, 2020, 'English', 'MOVIE');
INSERT INTO content_genres VALUES ('c_046', 'thriller');
INSERT INTO content_genres VALUES ('c_046', 'comedy');
INSERT INTO content VALUES ('c_047', 'Thriller Story 7', 'Sample description', 120, 2020, 'English', 'MOVIE');
INSERT INTO content_genres VALUES ('c_047', 'thriller');
INSERT INTO content_genres VALUES ('c_047', 'animation');
INSERT INTO content VALUES ('c_048', 'Thriller Story 8', 'Sample description', 120, 2020, 'English', 'MOVIE');
INSERT INTO content_genres VALUES ('c_048', 'thriller');
INSERT INTO content_genres VALUES ('c_048', 'action');
INSERT INTO content VALUES ('c_049', 'Thriller Story 9', 'Sample description', 120, 2020, 'English', 'MOVIE');
INSERT INTO content_genres VALUES ('c_049', 'thriller');
INSERT INTO content_genres VALUES ('c_049', 'action');
INSERT INTO content VALUES ('c_050', 'Thriller Story 10', 'Sample description', 120, 2020, 'English', 'MOVIE');
INSERT INTO content_genres VALUES ('c_050', 'thriller');
INSERT INTO content_genres VALUES ('c_050', 'romance');
INSERT INTO content VALUES ('c_051', 'Documentary Story 1', 'Sample description', 120, 2020, 'English', 'MOVIE');
INSERT INTO content_genres VALUES ('c_051', 'documentary');
INSERT INTO content_genres VALUES ('c_051', 'sci-fi');
INSERT INTO content VALUES ('c_052', 'Documentary Story 2', 'Sample description', 120, 2020, 'English', 'MOVIE');
INSERT INTO content_genres VALUES ('c_052', 'documentary');
INSERT INTO content_genres VALUES ('c_052', 'drama');
INSERT INTO content VALUES ('c_053', 'Documentary Story 3', 'Sample description', 120, 2020, 'English', 'MOVIE');
INSERT INTO content_genres VALUES ('c_053', 'documentary');
INSERT INTO content_genres VALUES ('c_053', 'comedy');
INSERT INTO content VALUES ('c_054', 'Documentary Story 4', 'Sample description', 120, 2020, 'English', 'MOVIE');
INSERT INTO content_genres VALUES ('c_054', 'documentary');
INSERT INTO content_genres VALUES ('c_054', 'animation');
INSERT INTO content VALUES ('c_055', 'Documentary Story 5', 'Sample description', 120, 2020, 'English', 'MOVIE');
INSERT INTO content_genres VALUES ('c_055', 'documentary');
INSERT INTO content_genres VALUES ('c_055', 'animation');
INSERT INTO content VALUES ('c_056', 'Documentary Story 6', 'Sample description', 120, 2020, 'English', 'MOVIE');
INSERT INTO content_genres VALUES ('c_056', 'documentary');
INSERT INTO content_genres VALUES ('c_056', 'horror');
INSERT INTO content VALUES ('c_057', 'Documentary Story 7', 'Sample description', 120, 2020, 'English', 'MOVIE');
INSERT INTO content_genres VALUES ('c_057', 'documentary');
INSERT INTO content_genres VALUES ('c_057', 'horror');
INSERT INTO content VALUES ('c_058', 'Documentary Story 8', 'Sample description', 120, 2020, 'English', 'MOVIE');
INSERT INTO content_genres VALUES ('c_058', 'documentary');
INSERT INTO content_genres VALUES ('c_058', 'drama');
INSERT INTO content VALUES ('c_059', 'Documentary Story 9', 'Sample description', 120, 2020, 'English', 'MOVIE');
INSERT INTO content_genres VALUES ('c_059', 'documentary');
INSERT INTO content_genres VALUES ('c_059', 'thriller');
INSERT INTO content VALUES ('c_060', 'Documentary Story 10', 'Sample description', 120, 2020, 'English', 'MOVIE');
INSERT INTO content_genres VALUES ('c_060', 'documentary');
INSERT INTO content_genres VALUES ('c_060', 'romance');
INSERT INTO content VALUES ('c_061', 'Sci-fi Story 1', 'Sample description', 120, 2020, 'English', 'MOVIE');
INSERT INTO content_genres VALUES ('c_061', 'sci-fi');
INSERT INTO content_genres VALUES ('c_061', 'crime');
INSERT INTO content VALUES ('c_062', 'Sci-fi Story 2', 'Sample description', 120, 2020, 'English', 'MOVIE');
INSERT INTO content_genres VALUES ('c_062', 'sci-fi');
INSERT INTO content_genres VALUES ('c_062', 'horror');
INSERT INTO content VALUES ('c_063', 'Sci-fi Story 3', 'Sample description', 120, 2020, 'English', 'MOVIE');
INSERT INTO content_genres VALUES ('c_063', 'sci-fi');
INSERT INTO content_genres VALUES ('c_063', 'animation');
INSERT INTO content VALUES ('c_064', 'Sci-fi Story 4', 'Sample description', 120, 2020, 'English', 'MOVIE');
INSERT INTO content_genres VALUES ('c_064', 'sci-fi');
INSERT INTO content_genres VALUES ('c_064', 'comedy');
INSERT INTO content VALUES ('c_065', 'Sci-fi Story 5', 'Sample description', 120, 2020, 'English', 'MOVIE');
INSERT INTO content_genres VALUES ('c_065', 'sci-fi');
INSERT INTO content_genres VALUES ('c_065', 'documentary');
INSERT INTO content VALUES ('c_066', 'Sci-fi Story 6', 'Sample description', 120, 2020, 'English', 'MOVIE');
INSERT INTO content_genres VALUES ('c_066', 'sci-fi');
INSERT INTO content_genres VALUES ('c_066', 'romance');
INSERT INTO content VALUES ('c_067', 'Sci-fi Story 7', 'Sample description', 120, 2020, 'English', 'MOVIE');
INSERT INTO content_genres VALUES ('c_067', 'sci-fi');
INSERT INTO content_genres VALUES ('c_067', 'thriller');
INSERT INTO content VALUES ('c_068', 'Sci-fi Story 8', 'Sample description', 120, 2020, 'English', 'MOVIE');
INSERT INTO content_genres VALUES ('c_068', 'sci-fi');
INSERT INTO content_genres VALUES ('c_068', 'drama');
INSERT INTO content VALUES ('c_069', 'Sci-fi Story 9', 'Sample description', 120, 2020, 'English', 'MOVIE');
INSERT INTO content_genres VALUES ('c_069', 'sci-fi');
INSERT INTO content_genres VALUES ('c_069', 'documentary');
INSERT INTO content VALUES ('c_070', 'Sci-fi Story 10', 'Sample description', 120, 2020, 'English', 'MOVIE');
INSERT INTO content_genres VALUES ('c_070', 'sci-fi');
INSERT INTO content_genres VALUES ('c_070', 'crime');
INSERT INTO content VALUES ('c_071', 'Horror Story 1', 'Sample description', 120, 2020, 'English', 'MOVIE');
INSERT INTO content_genres VALUES ('c_071', 'horror');
INSERT INTO content_genres VALUES ('c_071', 'sci-fi');
INSERT INTO content VALUES ('c_072', 'Horror Story 2', 'Sample description', 120, 2020, 'English', 'MOVIE');
INSERT INTO content_genres VALUES ('c_072', 'horror');
INSERT INTO content_genres VALUES ('c_072', 'animation');
INSERT INTO content VALUES ('c_073', 'Horror Story 3', 'Sample description', 120, 2020, 'English', 'MOVIE');
INSERT INTO content_genres VALUES ('c_073', 'horror');
INSERT INTO content_genres VALUES ('c_073', 'romance');
INSERT INTO content VALUES ('c_074', 'Horror Story 4', 'Sample description', 120, 2020, 'English', 'MOVIE');
INSERT INTO content_genres VALUES ('c_074', 'horror');
INSERT INTO content_genres VALUES ('c_074', 'documentary');
INSERT INTO content VALUES ('c_075', 'Horror Story 5', 'Sample description', 120, 2020, 'English', 'MOVIE');
INSERT INTO content_genres VALUES ('c_075', 'horror');
INSERT INTO content_genres VALUES ('c_075', 'animation');
INSERT INTO content VALUES ('c_076', 'Horror Story 6', 'Sample description', 120, 2020, 'English', 'MOVIE');
INSERT INTO content_genres VALUES ('c_076', 'horror');
INSERT INTO content_genres VALUES ('c_076', 'documentary');
INSERT INTO content VALUES ('c_077', 'Horror Story 7', 'Sample description', 120, 2020, 'English', 'MOVIE');
INSERT INTO content_genres VALUES ('c_077', 'horror');
INSERT INTO content_genres VALUES ('c_077', 'action');
INSERT INTO content VALUES ('c_078', 'Horror Story 8', 'Sample description', 120, 2020, 'English', 'MOVIE');
INSERT INTO content_genres VALUES ('c_078', 'horror');
INSERT INTO content_genres VALUES ('c_078', 'documentary');
INSERT INTO content VALUES ('c_079', 'Horror Story 9', 'Sample description', 120, 2020, 'English', 'MOVIE');
INSERT INTO content_genres VALUES ('c_079', 'horror');
INSERT INTO content_genres VALUES ('c_079', 'sci-fi');
INSERT INTO content VALUES ('c_080', 'Horror Story 10', 'Sample description', 120, 2020, 'English', 'MOVIE');
INSERT INTO content_genres VALUES ('c_080', 'horror');
INSERT INTO content_genres VALUES ('c_080', 'comedy');
INSERT INTO content VALUES ('c_081', 'Drama Story 1', 'Sample description', 120, 2020, 'English', 'MOVIE');
INSERT INTO content_genres VALUES ('c_081', 'drama');
INSERT INTO content_genres VALUES ('c_081', 'sci-fi');
INSERT INTO content VALUES ('c_082', 'Drama Story 2', 'Sample description', 120, 2020, 'English', 'MOVIE');
INSERT INTO content_genres VALUES ('c_082', 'drama');
INSERT INTO content_genres VALUES ('c_082', 'crime');
INSERT INTO content VALUES ('c_083', 'Drama Story 3', 'Sample description', 120, 2020, 'English', 'MOVIE');
INSERT INTO content_genres VALUES ('c_083', 'drama');
INSERT INTO content_genres VALUES ('c_083', 'comedy');
INSERT INTO content VALUES ('c_084', 'Drama Story 4', 'Sample description', 120, 2020, 'English', 'MOVIE');
INSERT INTO content_genres VALUES ('c_084', 'drama');
INSERT INTO content_genres VALUES ('c_084', 'comedy');
INSERT INTO content VALUES ('c_085', 'Drama Story 5', 'Sample description', 120, 2020, 'English', 'MOVIE');
INSERT INTO content_genres VALUES ('c_085', 'drama');
INSERT INTO content_genres VALUES ('c_085', 'animation');
INSERT INTO content VALUES ('c_086', 'Drama Story 6', 'Sample description', 120, 2020, 'English', 'MOVIE');
INSERT INTO content_genres VALUES ('c_086', 'drama');
INSERT INTO content_genres VALUES ('c_086', 'romance');
INSERT INTO content VALUES ('c_087', 'Drama Story 7', 'Sample description', 120, 2020, 'English', 'MOVIE');
INSERT INTO content_genres VALUES ('c_087', 'drama');
INSERT INTO content_genres VALUES ('c_087', 'animation');
INSERT INTO content VALUES ('c_088', 'Drama Story 8', 'Sample description', 120, 2020, 'English', 'MOVIE');
INSERT INTO content_genres VALUES ('c_088', 'drama');
INSERT INTO content_genres VALUES ('c_088', 'crime');
INSERT INTO content VALUES ('c_089', 'Drama Story 9', 'Sample description', 120, 2020, 'English', 'MOVIE');
INSERT INTO content_genres VALUES ('c_089', 'drama');
INSERT INTO content_genres VALUES ('c_089', 'sci-fi');
INSERT INTO content VALUES ('c_090', 'Drama Story 10', 'Sample description', 120, 2020, 'English', 'MOVIE');
INSERT INTO content_genres VALUES ('c_090', 'drama');
INSERT INTO content_genres VALUES ('c_090', 'action');
INSERT INTO content VALUES ('c_091', 'Animation Story 1', 'Sample description', 120, 2020, 'English', 'MOVIE');
INSERT INTO content_genres VALUES ('c_091', 'animation');
INSERT INTO content_genres VALUES ('c_091', 'comedy');
INSERT INTO content VALUES ('c_092', 'Animation Story 2', 'Sample description', 120, 2020, 'English', 'MOVIE');
INSERT INTO content_genres VALUES ('c_092', 'animation');
INSERT INTO content_genres VALUES ('c_092', 'action');
INSERT INTO content VALUES ('c_093', 'Animation Story 3', 'Sample description', 120, 2020, 'English', 'MOVIE');
INSERT INTO content_genres VALUES ('c_093', 'animation');
INSERT INTO content_genres VALUES ('c_093', 'action');
INSERT INTO content VALUES ('c_094', 'Animation Story 4', 'Sample description', 120, 2020, 'English', 'MOVIE');
INSERT INTO content_genres VALUES ('c_094', 'animation');
INSERT INTO content_genres VALUES ('c_094', 'sci-fi');
INSERT INTO content VALUES ('c_095', 'Animation Story 5', 'Sample description', 120, 2020, 'English', 'MOVIE');
INSERT INTO content_genres VALUES ('c_095', 'animation');
INSERT INTO content_genres VALUES ('c_095', 'comedy');
INSERT INTO content VALUES ('c_096', 'Animation Story 6', 'Sample description', 120, 2020, 'English', 'MOVIE');
INSERT INTO content_genres VALUES ('c_096', 'animation');
INSERT INTO content_genres VALUES ('c_096', 'thriller');
INSERT INTO content VALUES ('c_097', 'Animation Story 7', 'Sample description', 120, 2020, 'English', 'MOVIE');
INSERT INTO content_genres VALUES ('c_097', 'animation');
INSERT INTO content_genres VALUES ('c_097', 'horror');
INSERT INTO content VALUES ('c_098', 'Animation Story 8', 'Sample description', 120, 2020, 'English', 'MOVIE');
INSERT INTO content_genres VALUES ('c_098', 'animation');
INSERT INTO content_genres VALUES ('c_098', 'action');
INSERT INTO content VALUES ('c_099', 'Animation Story 9', 'Sample description', 120, 2020, 'English', 'MOVIE');
INSERT INTO content_genres VALUES ('c_099', 'animation');
INSERT INTO content_genres VALUES ('c_099', 'action');
INSERT INTO content VALUES ('c_100', 'Animation Story 10', 'Sample description', 120, 2020, 'English', 'MOVIE');
INSERT INTO content_genres VALUES ('c_100', 'animation');
INSERT INTO content_genres VALUES ('c_100', 'sci-fi');
INSERT INTO users (user_id, username, email, region, age_group) VALUES ('u_001', 'user1', 'user1@test.com', 'Chennai', '18-25');
INSERT INTO users (user_id, username, email, region, age_group) VALUES ('u_002', 'user2', 'user2@test.com', 'Bangalore', '26-35');
INSERT INTO users (user_id, username, email, region, age_group) VALUES ('u_003', 'user3', 'user3@test.com', 'Mumbai', '18-25');
INSERT INTO users (user_id, username, email, region, age_group) VALUES ('u_004', 'user4', 'user4@test.com', 'Delhi', '36-50');
INSERT INTO users (user_id, username, email, region, age_group) VALUES ('u_005', 'user5', 'user5@test.com', 'Delhi', '26-35');
INSERT INTO users (user_id, username, email, region, age_group) VALUES ('u_006', 'user6', 'user6@test.com', 'Chennai', '36-50');
INSERT INTO users (user_id, username, email, region, age_group) VALUES ('u_007', 'user7', 'user7@test.com', 'Mumbai', '26-35');
INSERT INTO users (user_id, username, email, region, age_group) VALUES ('u_008', 'user8', 'user8@test.com', 'Delhi', '18-25');
INSERT INTO users (user_id, username, email, region, age_group) VALUES ('u_009', 'user9', 'user9@test.com', 'Bangalore', '18-25');
INSERT INTO users (user_id, username, email, region, age_group) VALUES ('u_010', 'user10', 'user10@test.com', 'Delhi', '36-50');
INSERT INTO users (user_id, username, email, region, age_group) VALUES ('u_011', 'user11', 'user11@test.com', 'Bangalore', '26-35');
INSERT INTO users (user_id, username, email, region, age_group) VALUES ('u_012', 'user12', 'user12@test.com', 'Chennai', '36-50');
INSERT INTO users (user_id, username, email, region, age_group) VALUES ('u_013', 'user13', 'user13@test.com', 'Bangalore', '18-25');
INSERT INTO users (user_id, username, email, region, age_group) VALUES ('u_014', 'user14', 'user14@test.com', 'Delhi', '26-35');
INSERT INTO users (user_id, username, email, region, age_group) VALUES ('u_015', 'user15', 'user15@test.com', 'Bangalore', '18-25');
INSERT INTO users (user_id, username, email, region, age_group) VALUES ('u_016', 'user16', 'user16@test.com', 'Bangalore', '36-50');
INSERT INTO users (user_id, username, email, region, age_group) VALUES ('u_017', 'user17', 'user17@test.com', 'Mumbai', '36-50');
INSERT INTO users (user_id, username, email, region, age_group) VALUES ('u_018', 'user18', 'user18@test.com', 'Chennai', '36-50');
INSERT INTO users (user_id, username, email, region, age_group) VALUES ('u_019', 'user19', 'user19@test.com', 'Bangalore', '26-35');
INSERT INTO users (user_id, username, email, region, age_group) VALUES ('u_020', 'user20', 'user20@test.com', 'Delhi', '18-25');
